Deviation (R3DMA),Deviation (CL),Deviation (FR),Deviation (MC),Deviation (RV)
0.10591562573650715,-0.01687485269856237,-0.033372613716709854,-0.026537827009191606,-0.029130332312043317
