Interaction Type,Agreement Interaction (R3DMA),Agreement Match (R3DMA),Agreement Interaction (CL),Agreement Match (CL),Agreement Interaction (FR),Agreement Match (FR),Agreement Interaction (MC),Agreement Match (MC),Agreement Interaction (RV),Agreement Matche (RV)
Base Pairing,0.9833843978317228,0.8296016969125619,0.9978788592976667,0.9668866368135753,0.9278812161206693,0.9133867546547254,0.9173933537591327,0.8960641055856705,0.9391939665331134,0.9204572236625029
Not Base Pairing,0.9291136414378209,0.9291136414378209,0.7170127260549229,0.7170127260549229,0.9825853985264568,0.9825853985264568,0.9819156061620897,0.9819156061620897,0.9771154275507926,0.9771154275507926
