Deviation (R3DMA),Deviation (CL),Deviation (FR),Deviation (MC),Deviation (RV)
0.014465702286514226,0.045730284647690134,-0.041647223518432086,-0.03733084461035929,-0.014582361175921599
