Deviation (R3DMA),Deviation (CL),Deviation (FR),Deviation (MC),Deviation (RV)
0.0147413457798522,0.0460132244262933,-0.041267989109295966,-0.03683391676390513,-0.01419681057954103
