Interaction Type,Agreement Interaction (R3DMA),Agreement Match (R3DMA),Agreement Interaction (CL),Agreement Match (CL),Agreement Interaction (FR),Agreement Match (FR),Agreement Interaction (MC),Agreement Match (MC),Agreement Interaction (RV),Agreement Matche (RV)
Base Pairing,0.9669855342977135,5.715118992067196,0.9982501166588894,0.8170788614092394,0.9108726084927672,0.9652356509566029,0.91518898740084,0.8980401306579562,0.9379374708352777,0.8944237050863276
Not Base Pairing,0.9230169340463458,5.529077540106952,0.7274955436720143,0.9230169340463458,0.9752673796791443,0.7274955436720143,0.9886363636363636,0.9752673796791443,0.9849598930481284,0.9886363636363636
