Deviation (R3DMA),Deviation (CL),Deviation (FR),Deviation (MC),Deviation (RV)
0.03023803912326184,0.04473250058920575,-0.025265142587791667,-0.035753004949328315,-0.013952392175347605
