Deviation (R3DMA),Deviation (CL),Deviation (FR),Deviation (MC),Deviation (RV)
-3.9981719175418124,0.9292493193309996,0.6938934266822249,0.7654220147802412,0.7916763905095294
