Deviation (R3DMA),Deviation (CL),Deviation (FR),Deviation (MC),Deviation (RV)
-4.0,0.9293047130191321,0.6937704153056463,0.7652823145123658,0.7916472235184321
